	model	condition	microdiff	macrodiff	acc
0	gpt2	plu	3.184355163574219	3.184355163574219	0.75
1	gpt2	sing	1.6070144176483154	1.6070144176483154	0.625
