	model	acc	diff	expected	unexpected	macrodiff
0	gpt2	0.8333333333333334	-2.2277944058179857	6.583820348978043	8.811614754796027	-2.227794405817984
