	model	condition	microdiff	macrodiff	acc
0	gpt2	plu	3.227793423831464	3.227793423831463	1.0
1	gpt2	sing	3.2538046836853027	3.2538046836853027	0.75
