	model	condition	acc	diff	expected	unexpected	macrodiff
0	gpt2	plu	1.0	-3.469355216622353	6.566983956098556	10.03633917272091	-3.469355216622353
1	gpt2	sing	0.75	-1.607014000415802	6.592238545417786	8.199252545833588	-1.607014000415802
