	model	micro-precision	micro-recall	micro-f1	macro-precision	macro-recall	macro-f1	accuracy
0	FacebookAI/roberta-large-mnli	0.1	0.1	0.1	0.047619047619047616	0.16666666666666666	0.07407407407407407	0.1
1	roberta-large	0.1	0.1	0.1	0.047619047619047616	0.16666666666666666	0.07407407407407407	0.1
